filename,url
Abbreviations.md,https://www.stylemanual.gov.au/grammar-punctuation-and-conventions/shortened-words-and-phrases/abbreviations
Academics and professionals.md,https://www.stylemanual.gov.au/grammar-punctuation-and-conventions/titles-honours-forms-address/academics-and-professionals
Acronyms and initialisms.md,https://www.stylemanual.gov.au/grammar-punctuation-and-conventions/shortened-words-and-phrases/acronyms-and-initialisms
Acts of parliament.md,https://www.stylemanual.gov.au/referencing-and-attribution/legal-material/acts-parliament
Adjectives.md,https://www.stylemanual.gov.au/grammar-punctuation-and-conventions/types-words/adjectives
Adverbs.md,https://www.stylemanual.gov.au/grammar-punctuation-and-conventions/types-words/adverbs
Apostrophes.md,https://www.stylemanual.gov.au/grammar-punctuation-and-conventions/punctuation/apostrophes
Australian Defence Force.md,https://www.stylemanual.gov.au/grammar-punctuation-and-conventions/titles-honours-forms-address/australian-defence-force
Australian place names.md,https://www.stylemanual.gov.au/grammar-punctuation-and-conventions/names-and-terms/australian-place-names
Authoritative reports.md,https://www.stylemanual.gov.au/referencing-and-attribution/legal-material/authoritative-reports
Awards and honours.md,https://www.stylemanual.gov.au/grammar-punctuation-and-conventions/titles-honours-forms-address/awards-and-honours
Bills and explanatory material.md,https://www.stylemanual.gov.au/referencing-and-attribution/legal-material/bills-and-explanatory-material
Brackets and parentheses.md,https://www.stylemanual.gov.au/grammar-punctuation-and-conventions/punctuation-and-capitalisation/brackets-and-parentheses
Cases and legal authorities.md,https://www.stylemanual.gov.au/referencing-and-attribution/legal-material/cases-and-legal-authorities
Choosing numerals or words.md,https://www.stylemanual.gov.au/grammar-punctuation-and-conventions/numbers-and-measurements/choosing-numerals-or-words
Clauses.md,https://www.stylemanual.gov.au/grammar-punctuation-and-conventions/parts-sentences/clauses
Colons.md,https://www.stylemanual.gov.au/grammar-punctuation-and-conventions/punctuation/colons
Commas.md,https://www.stylemanual.gov.au/grammar-punctuation-and-conventions/punctuation/commas
Commercial terms.md,https://www.stylemanual.gov.au/grammar-punctuation-and-conventions/names-and-terms/commercial-terms
Common misspellings and word confusion.md,https://www.stylemanual.gov.au/grammar-punctuation-and-conventions/spelling/common-misspellings-and-word-confusion
Conjunctions.md,https://www.stylemanual.gov.au/grammar-punctuation-and-conventions/types-words/conjunctions
Contractions.md,https://www.stylemanual.gov.au/grammar-punctuation-and-conventions/shortened-words-and-phrases/contractions
Currency.md,https://www.stylemanual.gov.au/grammar-punctuation-and-conventions/numbers-and-measurements/currency
Dashes.md,https://www.stylemanual.gov.au/grammar-punctuation-and-conventions/punctuation/dashes
Dates and time.md,https://www.stylemanual.gov.au/grammar-punctuation-and-conventions/numbers-and-measurements/dates-and-time
Delegated legislation.md,https://www.stylemanual.gov.au/referencing-and-attribution/legal-material/delegated-legislation
Determiners.md,https://www.stylemanual.gov.au/grammar-punctuation-and-conventions/types-words/determiners
Diplomats.md,https://www.stylemanual.gov.au/grammar-punctuation-and-conventions/titles-honours-forms-address/diplomats
Editing and proofreading.md,https://www.stylemanual.gov.au/writing-and-designing-content/editing-and-proofreading
Ellipses.md,https://www.stylemanual.gov.au/grammar-punctuation-and-conventions/punctuation-and-capitalisation/ellipses
Exclamation marks.md,https://www.stylemanual.gov.au/grammar-punctuation-and-conventions/punctuation-and-capitalisation/exclamation-marks
Forward slashes.md,https://www.stylemanual.gov.au/grammar-punctuation-and-conventions/punctuation/forward-slashes
Fractions and decimals.md,https://www.stylemanual.gov.au/grammar-punctuation-and-conventions/numbers-and-measurements/fractions-and-decimals
Full stops.md,https://www.stylemanual.gov.au/grammar-punctuation-and-conventions/punctuation-and-capitalisation/full-stops
Government terms.md,https://www.stylemanual.gov.au/grammar-punctuation-and-conventions/names-and-terms/government-terms
Headings.md,https://www.stylemanual.gov.au/structuring-content/headings
Hyphens.md,https://www.stylemanual.gov.au/grammar-punctuation-and-conventions/punctuation/hyphens
Italics.md,https://www.stylemanual.gov.au/grammar-punctuation-and-conventions/italics
Judiciary.md,https://www.stylemanual.gov.au/grammar-punctuation-and-conventions/titles-honours-forms-address/judiciary
Latin shortened forms.md,https://www.stylemanual.gov.au/grammar-punctuation-and-conventions/shortened-words-and-phrases/latin-shortened-forms
Legal material.md,https://www.stylemanual.gov.au/referencing-and-attribution/legal-material
Links.md,https://www.stylemanual.gov.au/structuring-content/links
Lists.md,https://www.stylemanual.gov.au/structuring-content/lists
Mathematical relationships.md,https://www.stylemanual.gov.au/grammar-punctuation-and-conventions/numbers-and-measurements/mathematical-relationships
Measurement and units.md,https://www.stylemanual.gov.au/grammar-punctuation-and-conventions/numbers-and-measurements/measurement-and-units
Medical terms.md,https://www.stylemanual.gov.au/grammar-punctuation-and-conventions/names-and-terms/medical-terms
Nationalities, peoples and places.md,https://www.stylemanual.gov.au/grammar-punctuation-and-conventions/names-and-terms/nationalities-peoples-and-places-outside-australia
Natural phenomena.md,https://www.stylemanual.gov.au/grammar-punctuation-and-conventions/names-and-terms/natural-phenomena
Nouns.md,https://www.stylemanual.gov.au/grammar-punctuation-and-conventions/types-words/nouns
Ordinal numbers.md,https://www.stylemanual.gov.au/grammar-punctuation-and-conventions/numbers-and-measurements/ordinal-numbers
Organisation names.md,https://www.stylemanual.gov.au/grammar-punctuation-and-conventions/names-and-terms/organisation-names
Paragraphs.md,https://www.stylemanual.gov.au/structuring-content/paragraphs
Parliaments and councils.md,https://www.stylemanual.gov.au/grammar-punctuation-and-conventions/titles-honours-forms-address/parliaments-and-councils
Parts of sentences.md,https://www.stylemanual.gov.au/grammar-punctuation-and-conventions/parts-sentences
Percentages.md,https://www.stylemanual.gov.au/grammar-punctuation-and-conventions/numbers-and-measurements/percentages
Personal names.md,https://www.stylemanual.gov.au/grammar-punctuation-and-conventions/names-and-terms/personal-names
Phrases.md,https://www.stylemanual.gov.au/grammar-punctuation-and-conventions/parts-sentences/phrases
Plain language and word choice.md,https://www.stylemanual.gov.au/writing-and-designing-content/clear-language-and-writing-style/plain-language-and-word-choice
Plants and animals.md,https://www.stylemanual.gov.au/grammar-punctuation-and-conventions/names-and-terms/plants-and-animals
Prepositions.md,https://www.stylemanual.gov.au/grammar-punctuation-and-conventions/types-words/prepositions
Pronouns.md,https://www.stylemanual.gov.au/grammar-punctuation-and-conventions/types-words/pronouns
Punctuation and capitalisation.md,https://www.stylemanual.gov.au/grammar-punctuation-and-conventions/punctuation/punctuation-and-capitalisation
Question marks.md,https://www.stylemanual.gov.au/grammar-punctuation-and-conventions/punctuation-and-capitalisation/question-marks
Quotation marks.md,https://www.stylemanual.gov.au/grammar-punctuation-and-conventions/punctuation/quotation-marks
Royalty, vice-royalty and nobility.md,https://www.stylemanual.gov.au/grammar-punctuation-and-conventions/titles-honours-forms-address/royalty-vice-royalty-and-nobility
Schedules.md,https://www.stylemanual.gov.au/referencing-and-attribution/legal-material/schedules
Semicolons.md,https://www.stylemanual.gov.au/grammar-punctuation-and-conventions/punctuation-and-capitalisation/semicolons
Sentences.md,https://www.stylemanual.gov.au/writing-and-designing-content/clear-language-and-writing-style/sentences
Ships, aircraft and other vehicles.md,https://www.stylemanual.gov.au/grammar-punctuation-and-conventions/names-and-terms/ships-aircraft-and-other-vehicles
Spelling.md,https://www.stylemanual.gov.au/grammar-punctuation-and-conventions/spelling
Tables.md,https://www.stylemanual.gov.au/structuring-content/tables
Telephone numbers.md,https://www.stylemanual.gov.au/grammar-punctuation-and-conventions/numbers-and-measurements/telephone-numbers
Text boxes and callouts.md,https://www.stylemanual.gov.au/structuring-content/text-boxes-and-callouts
Topographic terms.md,https://www.stylemanual.gov.au/grammar-punctuation-and-conventions/names-and-terms/topographic-terms
Treaties.md,https://www.stylemanual.gov.au/referencing-and-attribution/legal-material/treaties
Types of structure.md,https://www.stylemanual.gov.au/structuring-content/types-structure
Types of words.md,https://www.stylemanual.gov.au/grammar-punctuation-and-conventions/types-words
Verbs.md,https://www.stylemanual.gov.au/grammar-punctuation-and-conventions/types-words/verbs
Voice and tone.md,https://www.stylemanual.gov.au/writing-and-designing-content/clear-language-and-writing-style/voice-and-tone
